{"chrome://browser/content/browser.xul":{"navigator-toolbox":{"iconsize":"small"},"addon-bar":{"collapsed":"false"},"PersonalToolbar":{"collapsed":"true"},"nav-bar":{"collapsed":"false","currentset":"noscript-tbb,torbutton-button,urlbar-container,foxyproxy-toolbar-icon,search-container,webrtc-status-button,loop-button,https-everywhere-eff_eff_org-browser-action"},"toolbar-menubar":{"autohide":"true"},"titlebar-placeholder-on-menubar-for-caption-buttons":{"width":"138"},"titlebar-placeholder-on-TabsToolbar-for-captions-buttons":{"width":"138"},"main-window":{"screenX":"355","screenY":"55","width":"1012","height":"791","sizemode":"normal"},"foxyproxy-status-text":{"mode":"patterns"},"sidebar-box":{"sidebarcommand":"","width":"","src":""},"sidebar-title":{"value":""}},"about:config":{"prefCol":{"ordinal":"1","sortDirection":"ascending"},"lockCol":{"ordinal":"3"},"typeCol":{"ordinal":"5"},"valueCol":{"ordinal":"7"}},"chrome://foxyproxy/content/options.xul":{"timestamp":{"ordinal":"1"},"colorCol":{"ordinal":"3"},"proxyName":{"ordinal":"5"},"proxyNotes":{"ordinal":"7"},"uri":{"ordinal":"9"},"matchName":{"ordinal":"11"},"matchPattern":{"ordinal":"13"},"caseSensitive":{"ordinal":"15"},"matchType":{"ordinal":"17"},"whiteBlack":{"ordinal":"19"},"pacResult":{"ordinal":"21"},"errMsg":{"ordinal":"23"},"patternSubscriptionsEnabled":{"ordinal":"1"},"patternSubscriptionsName":{"ordinal":"3"},"patternSubscriptionsNotes":{"ordinal":"5"},"patternSubscriptionsUri":{"ordinal":"7"},"patternSubscriptionsProxy":{"ordinal":"9"},"patternSubscriptionsRefresh":{"ordinal":"11"},"patternSubscriptionsStatus":{"ordinal":"13"},"patternSubscriptionsLastUpdate":{"ordinal":"15"},"patternSubscriptionsFormat":{"ordinal":"17"},"patternSubscriptionsObfuscation":{"ordinal":"19"},"proxySubscriptionsEnabled":{"ordinal":"1"},"proxySubscriptionsName":{"ordinal":"3"},"proxySubscriptionsNotes":{"ordinal":"5"},"proxySubscriptionsUri":{"ordinal":"7"},"proxySubscriptionsRefresh":{"ordinal":"9"},"proxySubscriptionsStatus":{"ordinal":"11"},"proxySubscriptionsLastUpdate":{"ordinal":"13"},"proxySubscriptionsFormat":{"ordinal":"15"},"proxySubscriptionsObfuscation":{"ordinal":"17"},"enabledCol":{"ordinal":"1"},"nameCol":{"ordinal":"5"},"descriptionCol":{"ordinal":"7"},"hostCol":{"ordinal":"9"},"portCol":{"ordinal":"11"},"isSocksCol":{"ordinal":"13"},"socksverCol":{"ordinal":"15"},"wpadCol":{"ordinal":"17"},"autopacCol":{"ordinal":"19"},"animatedIconsCol":{"ordinal":"21"},"cycleCol":{"ordinal":"23"},"remoteDNSCol":{"ordinal":"25"},"fromSubscriptionCol":{"ordinal":"27"},"foxyproxyoptions2":{"screenX":"0","screenY":"0"}},"chrome://foxyproxy/content/addeditproxy.xul":{"enabled":{"ordinal":"1"},"name":{"ordinal":"3"},"pattern":{"ordinal":"5"},"isRegEx":{"ordinal":"7"},"isBlackList":{"ordinal":"9"},"caseSensitive":{"ordinal":"11"},"temp":{"ordinal":"13"},"fromSubscription":{"ordinal":"15"}}}